column,missing_share,dataset
AM,0.0,openap_factors
Accruals,0.0,openap_factors
AssetGrowth,0.0,openap_factors
BM,0.0,openap_factors
BMdec,0.0,openap_factors
BPEBM,0.0,openap_factors
Beta,0.0,openap_factors
BetaFP,0.0,openap_factors
BetaTailRisk,0.0,openap_factors
BidAskSpread,0.0,openap_factors
BookLeverage,0.0,openap_factors
CBOperProf,0.0,openap_factors
CF,0.0,openap_factors
CashProd,0.0,openap_factors
ChAssetTurnover,0.0,openap_factors
ChEQ,0.0,openap_factors
ChInv,0.0,openap_factors
ChInvIA,0.0,openap_factors
ChNNCOA,0.0,openap_factors
ChNWC,0.0,openap_factors
ChTax,0.0,openap_factors
CompEquIss,0.0,openap_factors
CompositeDebtIssuance,0.0,openap_factors
ConvDebt,0.0,openap_factors
CoskewACX,0.0,openap_factors
Coskewness,0.0,openap_factors
DelCOA,0.0,openap_factors
DelCOL,0.0,openap_factors
DelEqu,0.0,openap_factors
DelFINL,0.0,openap_factors
DelLTI,0.0,openap_factors
DelNetFin,0.0,openap_factors
DivInit,0.0,openap_factors
DivSeason,0.0,openap_factors
DivYieldST,0.0,openap_factors
DolVol,0.0,openap_factors
EBM,0.0,openap_factors
EP,0.0,openap_factors
EarnSupBig,0.0,openap_factors
EarningsConsistency,0.0,openap_factors
EarningsSurprise,0.0,openap_factors
EntMult,0.0,openap_factors
EquityDuration,0.0,openap_factors
ExchSwitch,0.0,openap_factors
FirmAge,0.0,openap_factors
Frontier,0.0,openap_factors
GP,0.0,openap_factors
GrLTNOA,0.0,openap_factors
GrSaleToGrInv,0.0,openap_factors
GrSaleToGrOverhead,0.0,openap_factors
Herf,0.0,openap_factors
HerfAsset,0.0,openap_factors
HerfBE,0.0,openap_factors
High52,0.0,openap_factors
IdioVol3F,0.0,openap_factors
IdioVolAHT,0.0,openap_factors
Illiquidity,0.0,openap_factors
IndMom,0.0,openap_factors
IndRetBig,0.0,openap_factors
IntMom,0.0,openap_factors
IntanCFP,0.0,openap_factors
IntanEP,0.0,openap_factors
IntanSP,0.0,openap_factors
InvGrowth,0.0,openap_factors
InvestPPEInv,0.0,openap_factors
Investment,0.0,openap_factors
LRreversal,0.0,openap_factors
Leverage,0.0,openap_factors
MRreversal,0.0,openap_factors
MaxRet,0.0,openap_factors
MeanRankRevGrowth,0.0,openap_factors
Mom12m,0.0,openap_factors
Mom12mOffSeason,0.0,openap_factors
Mom6m,0.0,openap_factors
MomOffSeason,0.0,openap_factors
MomOffSeason06YrPlus,0.0,openap_factors
MomOffSeason11YrPlus,0.0,openap_factors
MomOffSeason16YrPlus,0.0,openap_factors
MomRev,0.0,openap_factors
MomSeason,0.0,openap_factors
MomSeason06YrPlus,0.0,openap_factors
MomSeason11YrPlus,0.0,openap_factors
MomSeason16YrPlus,0.0,openap_factors
MomSeasonShort,0.0,openap_factors
MomVol,0.0,openap_factors
NOA,0.0,openap_factors
NetDebtPrice,0.0,openap_factors
NetPayoutYield,0.0,openap_factors
OPLeverage,0.0,openap_factors
OperProf,0.0,openap_factors
OperProfRD,0.0,openap_factors
OrgCap,0.0,openap_factors
PayoutYield,0.0,openap_factors
Price,0.0,openap_factors
RD,0.0,openap_factors
RDAbility,0.0,openap_factors
RIO_MB,0.0,openap_factors
RIO_Turnover,0.0,openap_factors
RIO_Volatility,0.0,openap_factors
RealizedVol,0.0,openap_factors
ResidualMomentum,0.0,openap_factors
ReturnSkew,0.0,openap_factors
ReturnSkew3F,0.0,openap_factors
RevenueSurprise,0.0,openap_factors
RoE,0.0,openap_factors
SP,0.0,openap_factors
STreversal,0.0,openap_factors
ShareIss1Y,0.0,openap_factors
ShareIss5Y,0.0,openap_factors
ShareVol,0.0,openap_factors
Size,0.0,openap_factors
Spinoff,0.0,openap_factors
SurpriseRD,0.0,openap_factors
Tax,0.0,openap_factors
TotalAccruals,0.0,openap_factors
TrendFactor,0.0,openap_factors
VarCF,0.0,openap_factors
VolMkt,0.0,openap_factors
VolSD,0.0,openap_factors
VolumeTrend,0.0,openap_factors
dNoa,0.0,openap_factors
grcapx,0.0,openap_factors
grcapx3y,0.0,openap_factors
sinAlgo,0.0,openap_factors
std_turn,0.0,openap_factors
tang,0.0,openap_factors
zerotrade12M,0.0,openap_factors
zerotrade1M,0.0,openap_factors
zerotrade6M,0.0,openap_factors
DivOmit,0.0013550135501355014,openap_factors
PriceDelayRsq,0.005420054200542005,openap_factors
PriceDelaySlope,0.005420054200542005,openap_factors
PriceDelayTstat,0.005420054200542005,openap_factors
NumEarnIncrease,0.008130081300813009,openap_factors
FirmAgeMom,0.01084010840108401,openap_factors
BetaLiquidityPS,0.014905149051490514,openap_factors
AdExp,0.016260162601626018,openap_factors
PctAcc,0.016260162601626018,openap_factors
cfp,0.016260162601626018,openap_factors
AccrualsBM,0.017615176151761516,openap_factors
BrandInvest,0.032520325203252036,openap_factors
GrAdExp,0.032520325203252036,openap_factors
hire,0.032520325203252036,openap_factors
IntanBM,0.04878048780487805,openap_factors
roaq,0.04878048780487805,openap_factors
CredRatDG,0.10840108401084012,openap_factors
Mom6mJunk,0.10840108401084012,openap_factors
realestate,0.11382113821138211,openap_factors
OrderBacklog,0.13008130081300814,openap_factors
AnnouncementReturn,0.13279132791327913,openap_factors
Cash,0.13414634146341464,openap_factors
DebtIssuance,0.13821138211382114,openap_factors
OScore,0.13821138211382114,openap_factors
PS,0.13821138211382114,openap_factors
AbnormalAccruals,0.14634146341463414,openap_factors
NetDebtFinance,0.14634146341463414,openap_factors
NetEquityFinance,0.14634146341463414,openap_factors
OrderBacklogChg,0.14634146341463414,openap_factors
ShareRepurchase,0.14634146341463414,openap_factors
XFIN,0.14634146341463414,openap_factors
ShortInterest,0.15582655826558264,openap_factors
RDS,0.16260162601626016,openap_factors
IndIPO,0.19241192411924118,openap_factors
FEPS,0.2046070460704607,openap_factors
ForecastDispersion,0.2046070460704607,openap_factors
MS,0.2046070460704607,openap_factors
RIO_Disp,0.2046070460704607,openap_factors
retConglomerate,0.2046070460704607,openap_factors
AnalystRevision,0.20596205962059622,openap_factors
AOP,0.21138211382113822,openap_factors
AnalystValue,0.21138211382113822,openap_factors
ChForecastAccrual,0.21138211382113822,openap_factors
REV6,0.2140921409214092,openap_factors
sfe,0.22357723577235772,openap_factors
RDIPO,0.22493224932249323,openap_factors
CitationsRD,0.22764227642276422,openap_factors
CustomerMomentum,0.22764227642276422,openap_factors
ChNAnalyst,0.24390243902439024,openap_factors
IO_ShortInterest,0.2669376693766938,openap_factors
DelBreadth,0.2764227642276423,openap_factors
RDcap,0.2764227642276423,openap_factors
AgeIPO,0.2845528455284553,openap_factors
FR,0.2926829268292683,openap_factors
EarningsForecastDisparity,0.3008130081300813,openap_factors
fgr5yrLag,0.3089430894308943,openap_factors
PredictedFE,0.3252032520325203,openap_factors
ExclExp,0.33875338753387535,openap_factors
EarningsStreak,0.34688346883468835,openap_factors
betaVIX,0.36720867208672087,openap_factors
iomom_cust,0.36720867208672087,openap_factors
iomom_supp,0.36720867208672087,openap_factors
PatentsRD,0.3943089430894309,openap_factors
PctTotAcc,0.4065040650406504,openap_factors
ConsRecomm,0.4932249322493225,openap_factors
ChangeInRecommendation,0.494579945799458,openap_factors
DownRecomm,0.494579945799458,openap_factors
Recomm_ShortInterest,0.494579945799458,openap_factors
UpRecomm,0.494579945799458,openap_factors
OptionVolume1,0.551490514905149,openap_factors
OptionVolume2,0.5528455284552846,openap_factors
CPVolSpread,0.5609756097560976,openap_factors
RIVolSpread,0.5609756097560976,openap_factors
SmileSlope,0.5609756097560976,openap_factors
skew1,0.5609756097560976,openap_factors
dCPVolSpread,0.5623306233062331,openap_factors
dVolCall,0.5623306233062331,openap_factors
dVolPut,0.5623306233062331,openap_factors
DelDRC,0.6016260162601627,openap_factors
ProbInformedTrading,0.6747967479674797,openap_factors
Activism1,0.7330623306233063,openap_factors
Activism2,0.7330623306233063,openap_factors
Governance,0.7330623306233063,openap_factors
AM_p01,0.0,openap_sorted_portfolios
AM_p02,0.0,openap_sorted_portfolios
AM_p03,0.0,openap_sorted_portfolios
AM_p04,0.0,openap_sorted_portfolios
AM_p05,0.0,openap_sorted_portfolios
Accruals_p01,0.0,openap_sorted_portfolios
Accruals_p02,0.0,openap_sorted_portfolios
Accruals_p03,0.0,openap_sorted_portfolios
Accruals_p04,0.0,openap_sorted_portfolios
Accruals_p05,0.0,openap_sorted_portfolios
Accruals_p06,0.0,openap_sorted_portfolios
Accruals_p07,0.0,openap_sorted_portfolios
Accruals_p08,0.0,openap_sorted_portfolios
Accruals_p09,0.0,openap_sorted_portfolios
Accruals_p10,0.0,openap_sorted_portfolios
AssetGrowth_p01,0.0,openap_sorted_portfolios
AssetGrowth_p02,0.0,openap_sorted_portfolios
AssetGrowth_p03,0.0,openap_sorted_portfolios
AssetGrowth_p04,0.0,openap_sorted_portfolios
AssetGrowth_p05,0.0,openap_sorted_portfolios
AssetGrowth_p06,0.0,openap_sorted_portfolios
AssetGrowth_p07,0.0,openap_sorted_portfolios
AssetGrowth_p08,0.0,openap_sorted_portfolios
AssetGrowth_p09,0.0,openap_sorted_portfolios
AssetGrowth_p10,0.0,openap_sorted_portfolios
BM_p01,0.0,openap_sorted_portfolios
BM_p02,0.0,openap_sorted_portfolios
BM_p03,0.0,openap_sorted_portfolios
BM_p04,0.0,openap_sorted_portfolios
BM_p05,0.0,openap_sorted_portfolios
BM_p06,0.0,openap_sorted_portfolios
BM_p07,0.0,openap_sorted_portfolios
BM_p08,0.0,openap_sorted_portfolios
BM_p09,0.0,openap_sorted_portfolios
BM_p10,0.0,openap_sorted_portfolios
BMdec_p01,0.0,openap_sorted_portfolios
BMdec_p02,0.0,openap_sorted_portfolios
BMdec_p03,0.0,openap_sorted_portfolios
BMdec_p04,0.0,openap_sorted_portfolios
BMdec_p05,0.0,openap_sorted_portfolios
BPEBM_p01,0.0,openap_sorted_portfolios
BPEBM_p02,0.0,openap_sorted_portfolios
BPEBM_p03,0.0,openap_sorted_portfolios
BPEBM_p04,0.0,openap_sorted_portfolios
BPEBM_p05,0.0,openap_sorted_portfolios
BetaFP_p01,0.0,openap_sorted_portfolios
BetaFP_p02,0.0,openap_sorted_portfolios
BetaFP_p03,0.0,openap_sorted_portfolios
BetaFP_p04,0.0,openap_sorted_portfolios
BetaFP_p05,0.0,openap_sorted_portfolios
BetaFP_p06,0.0,openap_sorted_portfolios
BetaFP_p07,0.0,openap_sorted_portfolios
BetaFP_p08,0.0,openap_sorted_portfolios
BetaFP_p09,0.0,openap_sorted_portfolios
BetaFP_p10,0.0,openap_sorted_portfolios
BetaTailRisk_p01,0.0,openap_sorted_portfolios
BetaTailRisk_p02,0.0,openap_sorted_portfolios
BetaTailRisk_p03,0.0,openap_sorted_portfolios
BetaTailRisk_p04,0.0,openap_sorted_portfolios
BetaTailRisk_p05,0.0,openap_sorted_portfolios
Beta_p01,0.0,openap_sorted_portfolios
Beta_p02,0.0,openap_sorted_portfolios
Beta_p03,0.0,openap_sorted_portfolios
Beta_p04,0.0,openap_sorted_portfolios
Beta_p05,0.0,openap_sorted_portfolios
BidAskSpread_p01,0.0,openap_sorted_portfolios
BidAskSpread_p02,0.0,openap_sorted_portfolios
BidAskSpread_p03,0.0,openap_sorted_portfolios
BidAskSpread_p04,0.0,openap_sorted_portfolios
BidAskSpread_p05,0.0,openap_sorted_portfolios
BidAskSpread_p06,0.0,openap_sorted_portfolios
BookLeverage_p01,0.0,openap_sorted_portfolios
BookLeverage_p02,0.0,openap_sorted_portfolios
BookLeverage_p03,0.0,openap_sorted_portfolios
BookLeverage_p04,0.0,openap_sorted_portfolios
BookLeverage_p05,0.0,openap_sorted_portfolios
CBOperProf_p01,0.0,openap_sorted_portfolios
CBOperProf_p02,0.0,openap_sorted_portfolios
CBOperProf_p03,0.0,openap_sorted_portfolios
CBOperProf_p04,0.0,openap_sorted_portfolios
CBOperProf_p05,0.0,openap_sorted_portfolios
CBOperProf_p06,0.0,openap_sorted_portfolios
CBOperProf_p07,0.0,openap_sorted_portfolios
CBOperProf_p08,0.0,openap_sorted_portfolios
CBOperProf_p09,0.0,openap_sorted_portfolios
CBOperProf_p10,0.0,openap_sorted_portfolios
CF_p01,0.0,openap_sorted_portfolios
CF_p02,0.0,openap_sorted_portfolios
CF_p03,0.0,openap_sorted_portfolios
CF_p04,0.0,openap_sorted_portfolios
CF_p05,0.0,openap_sorted_portfolios
CF_p06,0.0,openap_sorted_portfolios
CF_p07,0.0,openap_sorted_portfolios
CF_p08,0.0,openap_sorted_portfolios
CF_p09,0.0,openap_sorted_portfolios
CF_p10,0.0,openap_sorted_portfolios
CashProd_p01,0.0,openap_sorted_portfolios
CashProd_p02,0.0,openap_sorted_portfolios
CashProd_p03,0.0,openap_sorted_portfolios
CashProd_p04,0.0,openap_sorted_portfolios
CashProd_p05,0.0,openap_sorted_portfolios
ChAssetTurnover_p01,0.0,openap_sorted_portfolios
ChAssetTurnover_p02,0.0,openap_sorted_portfolios
ChAssetTurnover_p03,0.0,openap_sorted_portfolios
ChAssetTurnover_p04,0.0,openap_sorted_portfolios
ChAssetTurnover_p05,0.0,openap_sorted_portfolios
ChEQ_p01,0.0,openap_sorted_portfolios
ChEQ_p02,0.0,openap_sorted_portfolios
ChEQ_p03,0.0,openap_sorted_portfolios
ChEQ_p04,0.0,openap_sorted_portfolios
ChEQ_p05,0.0,openap_sorted_portfolios
ChInvIA_p01,0.0,openap_sorted_portfolios
ChInvIA_p02,0.0,openap_sorted_portfolios
ChInvIA_p03,0.0,openap_sorted_portfolios
ChInvIA_p04,0.0,openap_sorted_portfolios
ChInvIA_p05,0.0,openap_sorted_portfolios
ChInv_p01,0.0,openap_sorted_portfolios
ChInv_p02,0.0,openap_sorted_portfolios
ChInv_p03,0.0,openap_sorted_portfolios
ChInv_p04,0.0,openap_sorted_portfolios
ChInv_p09,0.0,openap_sorted_portfolios
ChInv_p10,0.0,openap_sorted_portfolios
ChNNCOA_p01,0.0,openap_sorted_portfolios
ChNNCOA_p02,0.0,openap_sorted_portfolios
ChNNCOA_p03,0.0,openap_sorted_portfolios
ChNNCOA_p04,0.0,openap_sorted_portfolios
ChNNCOA_p05,0.0,openap_sorted_portfolios
ChNWC_p01,0.0,openap_sorted_portfolios
ChNWC_p02,0.0,openap_sorted_portfolios
ChNWC_p03,0.0,openap_sorted_portfolios
ChNWC_p04,0.0,openap_sorted_portfolios
ChNWC_p05,0.0,openap_sorted_portfolios
ChTax_p01,0.0,openap_sorted_portfolios
ChTax_p02,0.0,openap_sorted_portfolios
ChTax_p03,0.0,openap_sorted_portfolios
ChTax_p07,0.0,openap_sorted_portfolios
ChTax_p08,0.0,openap_sorted_portfolios
ChTax_p09,0.0,openap_sorted_portfolios
ChTax_p10,0.0,openap_sorted_portfolios
CompEquIss_p01,0.0,openap_sorted_portfolios
CompEquIss_p02,0.0,openap_sorted_portfolios
CompEquIss_p03,0.0,openap_sorted_portfolios
CompEquIss_p04,0.0,openap_sorted_portfolios
CompEquIss_p05,0.0,openap_sorted_portfolios
CompositeDebtIssuance_p01,0.0,openap_sorted_portfolios
CompositeDebtIssuance_p02,0.0,openap_sorted_portfolios
CompositeDebtIssuance_p03,0.0,openap_sorted_portfolios
ConvDebt_p01,0.0,openap_sorted_portfolios
ConvDebt_p02,0.0,openap_sorted_portfolios
CoskewACX_p01,0.0,openap_sorted_portfolios
CoskewACX_p02,0.0,openap_sorted_portfolios
CoskewACX_p03,0.0,openap_sorted_portfolios
CoskewACX_p04,0.0,openap_sorted_portfolios
CoskewACX_p05,0.0,openap_sorted_portfolios
Coskewness_p01,0.0,openap_sorted_portfolios
Coskewness_p02,0.0,openap_sorted_portfolios
Coskewness_p03,0.0,openap_sorted_portfolios
CredRatDG_p02,0.0,openap_sorted_portfolios
DebtIssuance_p02,0.0,openap_sorted_portfolios
DelCOA_p01,0.0,openap_sorted_portfolios
DelCOA_p02,0.0,openap_sorted_portfolios
DelCOA_p03,0.0,openap_sorted_portfolios
DelCOA_p04,0.0,openap_sorted_portfolios
DelCOA_p05,0.0,openap_sorted_portfolios
DelCOL_p01,0.0,openap_sorted_portfolios
DelCOL_p02,0.0,openap_sorted_portfolios
DelCOL_p03,0.0,openap_sorted_portfolios
DelCOL_p04,0.0,openap_sorted_portfolios
DelCOL_p05,0.0,openap_sorted_portfolios
DelEqu_p01,0.0,openap_sorted_portfolios
DelEqu_p02,0.0,openap_sorted_portfolios
DelEqu_p03,0.0,openap_sorted_portfolios
DelEqu_p04,0.0,openap_sorted_portfolios
DelEqu_p05,0.0,openap_sorted_portfolios
DelFINL_p01,0.0,openap_sorted_portfolios
DelFINL_p02,0.0,openap_sorted_portfolios
DelFINL_p03,0.0,openap_sorted_portfolios
DelFINL_p04,0.0,openap_sorted_portfolios
DelFINL_p05,0.0,openap_sorted_portfolios
DelLTI_p01,0.0,openap_sorted_portfolios
DelLTI_p02,0.0,openap_sorted_portfolios
DelLTI_p05,0.0,openap_sorted_portfolios
DelNetFin_p01,0.0,openap_sorted_portfolios
DelNetFin_p02,0.0,openap_sorted_portfolios
DelNetFin_p03,0.0,openap_sorted_portfolios
DelNetFin_p04,0.0,openap_sorted_portfolios
DelNetFin_p05,0.0,openap_sorted_portfolios
DivInit_p01,0.0,openap_sorted_portfolios
DivInit_p02,0.0,openap_sorted_portfolios
DivOmit_p02,0.0,openap_sorted_portfolios
DivSeason_p01,0.0,openap_sorted_portfolios
DivSeason_p02,0.0,openap_sorted_portfolios
DivYieldST_p01,0.0,openap_sorted_portfolios
DivYieldST_p02,0.0,openap_sorted_portfolios
DivYieldST_p03,0.0,openap_sorted_portfolios
DivYieldST_p04,0.0,openap_sorted_portfolios
DolVol_p01,0.0,openap_sorted_portfolios
DolVol_p02,0.0,openap_sorted_portfolios
DolVol_p03,0.0,openap_sorted_portfolios
DolVol_p04,0.0,openap_sorted_portfolios
DolVol_p05,0.0,openap_sorted_portfolios
EBM_p01,0.0,openap_sorted_portfolios
EBM_p02,0.0,openap_sorted_portfolios
EBM_p03,0.0,openap_sorted_portfolios
EBM_p04,0.0,openap_sorted_portfolios
EBM_p05,0.0,openap_sorted_portfolios
EBM_p06,0.0,openap_sorted_portfolios
EBM_p07,0.0,openap_sorted_portfolios
EBM_p08,0.0,openap_sorted_portfolios
EBM_p09,0.0,openap_sorted_portfolios
EBM_p10,0.0,openap_sorted_portfolios
EP_p01,0.0,openap_sorted_portfolios
EP_p02,0.0,openap_sorted_portfolios
EP_p03,0.0,openap_sorted_portfolios
EP_p04,0.0,openap_sorted_portfolios
EP_p05,0.0,openap_sorted_portfolios
EarnSupBig_p01,0.0,openap_sorted_portfolios
EarnSupBig_p05,0.0,openap_sorted_portfolios
EarningsConsistency_p01,0.0,openap_sorted_portfolios
EarningsConsistency_p02,0.0,openap_sorted_portfolios
EarningsConsistency_p03,0.0,openap_sorted_portfolios
EarningsConsistency_p04,0.0,openap_sorted_portfolios
EarningsConsistency_p05,0.0,openap_sorted_portfolios
EarningsSurprise_p01,0.0,openap_sorted_portfolios
EarningsSurprise_p02,0.0,openap_sorted_portfolios
EarningsSurprise_p03,0.0,openap_sorted_portfolios
EarningsSurprise_p04,0.0,openap_sorted_portfolios
EarningsSurprise_p05,0.0,openap_sorted_portfolios
EarningsSurprise_p06,0.0,openap_sorted_portfolios
EarningsSurprise_p07,0.0,openap_sorted_portfolios
EarningsSurprise_p08,0.0,openap_sorted_portfolios
EarningsSurprise_p09,0.0,openap_sorted_portfolios
EarningsSurprise_p10,0.0,openap_sorted_portfolios
EntMult_p01,0.0,openap_sorted_portfolios
EntMult_p02,0.0,openap_sorted_portfolios
EntMult_p03,0.0,openap_sorted_portfolios
EntMult_p04,0.0,openap_sorted_portfolios
EntMult_p05,0.0,openap_sorted_portfolios
EntMult_p06,0.0,openap_sorted_portfolios
EntMult_p07,0.0,openap_sorted_portfolios
EntMult_p08,0.0,openap_sorted_portfolios
EntMult_p09,0.0,openap_sorted_portfolios
EntMult_p10,0.0,openap_sorted_portfolios
EquityDuration_p01,0.0,openap_sorted_portfolios
EquityDuration_p02,0.0,openap_sorted_portfolios
EquityDuration_p03,0.0,openap_sorted_portfolios
EquityDuration_p04,0.0,openap_sorted_portfolios
EquityDuration_p05,0.0,openap_sorted_portfolios
ExchSwitch_p01,0.0,openap_sorted_portfolios
ExchSwitch_p02,0.0,openap_sorted_portfolios
FirmAge_p01,0.0,openap_sorted_portfolios
FirmAge_p02,0.0,openap_sorted_portfolios
FirmAge_p03,0.0,openap_sorted_portfolios
FirmAge_p04,0.0,openap_sorted_portfolios
FirmAge_p05,0.0,openap_sorted_portfolios
Frontier_p01,0.0,openap_sorted_portfolios
Frontier_p02,0.0,openap_sorted_portfolios
Frontier_p03,0.0,openap_sorted_portfolios
Frontier_p04,0.0,openap_sorted_portfolios
Frontier_p05,0.0,openap_sorted_portfolios
Frontier_p06,0.0,openap_sorted_portfolios
Frontier_p07,0.0,openap_sorted_portfolios
Frontier_p08,0.0,openap_sorted_portfolios
Frontier_p09,0.0,openap_sorted_portfolios
Frontier_p10,0.0,openap_sorted_portfolios
GP_p01,0.0,openap_sorted_portfolios
GP_p02,0.0,openap_sorted_portfolios
GP_p03,0.0,openap_sorted_portfolios
GP_p04,0.0,openap_sorted_portfolios
GP_p05,0.0,openap_sorted_portfolios
GrLTNOA_p01,0.0,openap_sorted_portfolios
GrLTNOA_p02,0.0,openap_sorted_portfolios
GrLTNOA_p03,0.0,openap_sorted_portfolios
GrLTNOA_p04,0.0,openap_sorted_portfolios
GrLTNOA_p05,0.0,openap_sorted_portfolios
GrLTNOA_p06,0.0,openap_sorted_portfolios
GrLTNOA_p07,0.0,openap_sorted_portfolios
GrLTNOA_p08,0.0,openap_sorted_portfolios
GrLTNOA_p09,0.0,openap_sorted_portfolios
GrLTNOA_p10,0.0,openap_sorted_portfolios
GrSaleToGrInv_p01,0.0,openap_sorted_portfolios
GrSaleToGrInv_p02,0.0,openap_sorted_portfolios
GrSaleToGrInv_p03,0.0,openap_sorted_portfolios
GrSaleToGrInv_p04,0.0,openap_sorted_portfolios
GrSaleToGrInv_p05,0.0,openap_sorted_portfolios
GrSaleToGrOverhead_p01,0.0,openap_sorted_portfolios
GrSaleToGrOverhead_p02,0.0,openap_sorted_portfolios
GrSaleToGrOverhead_p03,0.0,openap_sorted_portfolios
GrSaleToGrOverhead_p04,0.0,openap_sorted_portfolios
GrSaleToGrOverhead_p05,0.0,openap_sorted_portfolios
HerfAsset_p01,0.0,openap_sorted_portfolios
HerfAsset_p02,0.0,openap_sorted_portfolios
HerfAsset_p03,0.0,openap_sorted_portfolios
HerfAsset_p04,0.0,openap_sorted_portfolios
HerfAsset_p05,0.0,openap_sorted_portfolios
HerfBE_p01,0.0,openap_sorted_portfolios
HerfBE_p02,0.0,openap_sorted_portfolios
HerfBE_p03,0.0,openap_sorted_portfolios
HerfBE_p04,0.0,openap_sorted_portfolios
HerfBE_p05,0.0,openap_sorted_portfolios
Herf_p01,0.0,openap_sorted_portfolios
Herf_p02,0.0,openap_sorted_portfolios
Herf_p03,0.0,openap_sorted_portfolios
Herf_p04,0.0,openap_sorted_portfolios
Herf_p05,0.0,openap_sorted_portfolios
High52_p01,0.0,openap_sorted_portfolios
High52_p02,0.0,openap_sorted_portfolios
High52_p03,0.0,openap_sorted_portfolios
IdioVol3F_p01,0.0,openap_sorted_portfolios
IdioVol3F_p02,0.0,openap_sorted_portfolios
IdioVol3F_p03,0.0,openap_sorted_portfolios
IdioVol3F_p04,0.0,openap_sorted_portfolios
IdioVol3F_p05,0.0,openap_sorted_portfolios
IdioVolAHT_p01,0.0,openap_sorted_portfolios
IdioVolAHT_p02,0.0,openap_sorted_portfolios
IdioVolAHT_p03,0.0,openap_sorted_portfolios
IdioVolAHT_p04,0.0,openap_sorted_portfolios
IdioVolAHT_p05,0.0,openap_sorted_portfolios
Illiquidity_p01,0.0,openap_sorted_portfolios
Illiquidity_p02,0.0,openap_sorted_portfolios
Illiquidity_p03,0.0,openap_sorted_portfolios
Illiquidity_p04,0.0,openap_sorted_portfolios
Illiquidity_p05,0.0,openap_sorted_portfolios
IndIPO_p02,0.0,openap_sorted_portfolios
IndMom_p01,0.0,openap_sorted_portfolios
IndMom_p02,0.0,openap_sorted_portfolios
IndMom_p03,0.0,openap_sorted_portfolios
IndRetBig_p01,0.0,openap_sorted_portfolios
IndRetBig_p03,0.0,openap_sorted_portfolios
IndRetBig_p04,0.0,openap_sorted_portfolios
IndRetBig_p05,0.0,openap_sorted_portfolios
IntMom_p01,0.0,openap_sorted_portfolios
IntMom_p02,0.0,openap_sorted_portfolios
IntMom_p03,0.0,openap_sorted_portfolios
IntMom_p04,0.0,openap_sorted_portfolios
IntMom_p05,0.0,openap_sorted_portfolios
IntMom_p06,0.0,openap_sorted_portfolios
IntMom_p07,0.0,openap_sorted_portfolios
IntMom_p08,0.0,openap_sorted_portfolios
IntMom_p09,0.0,openap_sorted_portfolios
IntMom_p10,0.0,openap_sorted_portfolios
IntanCFP_p01,0.0,openap_sorted_portfolios
IntanCFP_p02,0.0,openap_sorted_portfolios
IntanCFP_p03,0.0,openap_sorted_portfolios
IntanCFP_p04,0.0,openap_sorted_portfolios
IntanCFP_p05,0.0,openap_sorted_portfolios
IntanEP_p01,0.0,openap_sorted_portfolios
IntanEP_p02,0.0,openap_sorted_portfolios
IntanEP_p03,0.0,openap_sorted_portfolios
IntanEP_p04,0.0,openap_sorted_portfolios
IntanEP_p05,0.0,openap_sorted_portfolios
IntanSP_p01,0.0,openap_sorted_portfolios
IntanSP_p02,0.0,openap_sorted_portfolios
IntanSP_p03,0.0,openap_sorted_portfolios
IntanSP_p04,0.0,openap_sorted_portfolios
IntanSP_p05,0.0,openap_sorted_portfolios
InvGrowth_p01,0.0,openap_sorted_portfolios
InvGrowth_p02,0.0,openap_sorted_portfolios
InvGrowth_p03,0.0,openap_sorted_portfolios
InvGrowth_p04,0.0,openap_sorted_portfolios
InvGrowth_p05,0.0,openap_sorted_portfolios
InvGrowth_p06,0.0,openap_sorted_portfolios
InvGrowth_p07,0.0,openap_sorted_portfolios
InvGrowth_p08,0.0,openap_sorted_portfolios
InvGrowth_p09,0.0,openap_sorted_portfolios
InvGrowth_p10,0.0,openap_sorted_portfolios
InvestPPEInv_p01,0.0,openap_sorted_portfolios
InvestPPEInv_p02,0.0,openap_sorted_portfolios
InvestPPEInv_p03,0.0,openap_sorted_portfolios
Investment_p01,0.0,openap_sorted_portfolios
Investment_p02,0.0,openap_sorted_portfolios
Investment_p03,0.0,openap_sorted_portfolios
Investment_p04,0.0,openap_sorted_portfolios
Investment_p05,0.0,openap_sorted_portfolios
LRreversal_p01,0.0,openap_sorted_portfolios
LRreversal_p02,0.0,openap_sorted_portfolios
LRreversal_p03,0.0,openap_sorted_portfolios
LRreversal_p04,0.0,openap_sorted_portfolios
LRreversal_p05,0.0,openap_sorted_portfolios
Leverage_p01,0.0,openap_sorted_portfolios
Leverage_p02,0.0,openap_sorted_portfolios
Leverage_p03,0.0,openap_sorted_portfolios
Leverage_p04,0.0,openap_sorted_portfolios
Leverage_p05,0.0,openap_sorted_portfolios
MRreversal_p01,0.0,openap_sorted_portfolios
MRreversal_p02,0.0,openap_sorted_portfolios
MRreversal_p03,0.0,openap_sorted_portfolios
MRreversal_p04,0.0,openap_sorted_portfolios
MRreversal_p05,0.0,openap_sorted_portfolios
MS_p01,0.0,openap_sorted_portfolios
MaxRet_p01,0.0,openap_sorted_portfolios
MaxRet_p02,0.0,openap_sorted_portfolios
MaxRet_p03,0.0,openap_sorted_portfolios
MaxRet_p04,0.0,openap_sorted_portfolios
MaxRet_p05,0.0,openap_sorted_portfolios
MaxRet_p06,0.0,openap_sorted_portfolios
MaxRet_p07,0.0,openap_sorted_portfolios
MaxRet_p08,0.0,openap_sorted_portfolios
MaxRet_p09,0.0,openap_sorted_portfolios
MaxRet_p10,0.0,openap_sorted_portfolios
MeanRankRevGrowth_p01,0.0,openap_sorted_portfolios
MeanRankRevGrowth_p02,0.0,openap_sorted_portfolios
MeanRankRevGrowth_p03,0.0,openap_sorted_portfolios
MeanRankRevGrowth_p04,0.0,openap_sorted_portfolios
MeanRankRevGrowth_p05,0.0,openap_sorted_portfolios
Mom12mOffSeason_p01,0.0,openap_sorted_portfolios
Mom12mOffSeason_p02,0.0,openap_sorted_portfolios
Mom12mOffSeason_p03,0.0,openap_sorted_portfolios
Mom12mOffSeason_p04,0.0,openap_sorted_portfolios
Mom12mOffSeason_p05,0.0,openap_sorted_portfolios
Mom12mOffSeason_p06,0.0,openap_sorted_portfolios
Mom12mOffSeason_p07,0.0,openap_sorted_portfolios
Mom12mOffSeason_p08,0.0,openap_sorted_portfolios
Mom12mOffSeason_p09,0.0,openap_sorted_portfolios
Mom12mOffSeason_p10,0.0,openap_sorted_portfolios
Mom12m_p01,0.0,openap_sorted_portfolios
Mom12m_p02,0.0,openap_sorted_portfolios
Mom12m_p03,0.0,openap_sorted_portfolios
Mom12m_p04,0.0,openap_sorted_portfolios
Mom12m_p05,0.0,openap_sorted_portfolios
Mom12m_p06,0.0,openap_sorted_portfolios
Mom12m_p07,0.0,openap_sorted_portfolios
Mom12m_p08,0.0,openap_sorted_portfolios
Mom12m_p09,0.0,openap_sorted_portfolios
Mom12m_p10,0.0,openap_sorted_portfolios
Mom6m_p01,0.0,openap_sorted_portfolios
Mom6m_p02,0.0,openap_sorted_portfolios
Mom6m_p03,0.0,openap_sorted_portfolios
Mom6m_p04,0.0,openap_sorted_portfolios
Mom6m_p05,0.0,openap_sorted_portfolios
Mom6m_p06,0.0,openap_sorted_portfolios
Mom6m_p07,0.0,openap_sorted_portfolios
Mom6m_p08,0.0,openap_sorted_portfolios
Mom6m_p09,0.0,openap_sorted_portfolios
Mom6m_p10,0.0,openap_sorted_portfolios
MomOffSeason06YrPlus_p01,0.0,openap_sorted_portfolios
MomOffSeason06YrPlus_p02,0.0,openap_sorted_portfolios
MomOffSeason06YrPlus_p03,0.0,openap_sorted_portfolios
MomOffSeason06YrPlus_p04,0.0,openap_sorted_portfolios
MomOffSeason06YrPlus_p05,0.0,openap_sorted_portfolios
MomOffSeason06YrPlus_p09,0.0,openap_sorted_portfolios
MomOffSeason06YrPlus_p10,0.0,openap_sorted_portfolios
MomOffSeason11YrPlus_p01,0.0,openap_sorted_portfolios
MomOffSeason11YrPlus_p02,0.0,openap_sorted_portfolios
MomOffSeason11YrPlus_p03,0.0,openap_sorted_portfolios
MomOffSeason11YrPlus_p04,0.0,openap_sorted_portfolios
MomOffSeason11YrPlus_p05,0.0,openap_sorted_portfolios
MomOffSeason11YrPlus_p06,0.0,openap_sorted_portfolios
MomOffSeason11YrPlus_p09,0.0,openap_sorted_portfolios
MomOffSeason11YrPlus_p10,0.0,openap_sorted_portfolios
MomOffSeason16YrPlus_p01,0.0,openap_sorted_portfolios
MomOffSeason16YrPlus_p02,0.0,openap_sorted_portfolios
MomOffSeason16YrPlus_p03,0.0,openap_sorted_portfolios
MomOffSeason16YrPlus_p04,0.0,openap_sorted_portfolios
MomOffSeason16YrPlus_p05,0.0,openap_sorted_portfolios
MomOffSeason16YrPlus_p06,0.0,openap_sorted_portfolios
MomOffSeason16YrPlus_p09,0.0,openap_sorted_portfolios
MomOffSeason16YrPlus_p10,0.0,openap_sorted_portfolios
MomOffSeason_p01,0.0,openap_sorted_portfolios
MomOffSeason_p02,0.0,openap_sorted_portfolios
MomOffSeason_p03,0.0,openap_sorted_portfolios
MomOffSeason_p04,0.0,openap_sorted_portfolios
MomOffSeason_p05,0.0,openap_sorted_portfolios
MomOffSeason_p09,0.0,openap_sorted_portfolios
MomOffSeason_p10,0.0,openap_sorted_portfolios
MomRev_p01,0.0,openap_sorted_portfolios
MomRev_p02,0.0,openap_sorted_portfolios
MomSeason06YrPlus_p01,0.0,openap_sorted_portfolios
MomSeason06YrPlus_p02,0.0,openap_sorted_portfolios
MomSeason06YrPlus_p05,0.0,openap_sorted_portfolios
MomSeason06YrPlus_p06,0.0,openap_sorted_portfolios
MomSeason06YrPlus_p07,0.0,openap_sorted_portfolios
MomSeason06YrPlus_p08,0.0,openap_sorted_portfolios
MomSeason06YrPlus_p09,0.0,openap_sorted_portfolios
MomSeason06YrPlus_p10,0.0,openap_sorted_portfolios
MomSeason11YrPlus_p01,0.0,openap_sorted_portfolios
MomSeason11YrPlus_p02,0.0,openap_sorted_portfolios
MomSeason11YrPlus_p05,0.0,openap_sorted_portfolios
MomSeason11YrPlus_p06,0.0,openap_sorted_portfolios
MomSeason11YrPlus_p07,0.0,openap_sorted_portfolios
MomSeason11YrPlus_p08,0.0,openap_sorted_portfolios
MomSeason11YrPlus_p09,0.0,openap_sorted_portfolios
MomSeason11YrPlus_p10,0.0,openap_sorted_portfolios
MomSeason16YrPlus_p01,0.0,openap_sorted_portfolios
MomSeason16YrPlus_p02,0.0,openap_sorted_portfolios
MomSeason16YrPlus_p05,0.0,openap_sorted_portfolios
MomSeason16YrPlus_p06,0.0,openap_sorted_portfolios
MomSeason16YrPlus_p07,0.0,openap_sorted_portfolios
MomSeason16YrPlus_p08,0.0,openap_sorted_portfolios
MomSeason16YrPlus_p09,0.0,openap_sorted_portfolios
MomSeason16YrPlus_p10,0.0,openap_sorted_portfolios
MomSeasonShort_p01,0.0,openap_sorted_portfolios
MomSeasonShort_p06,0.0,openap_sorted_portfolios
MomSeasonShort_p07,0.0,openap_sorted_portfolios
MomSeasonShort_p08,0.0,openap_sorted_portfolios
MomSeasonShort_p09,0.0,openap_sorted_portfolios
MomSeasonShort_p10,0.0,openap_sorted_portfolios
MomSeason_p01,0.0,openap_sorted_portfolios
MomSeason_p02,0.0,openap_sorted_portfolios
MomSeason_p06,0.0,openap_sorted_portfolios
MomSeason_p07,0.0,openap_sorted_portfolios
MomSeason_p08,0.0,openap_sorted_portfolios
MomSeason_p09,0.0,openap_sorted_portfolios
MomSeason_p10,0.0,openap_sorted_portfolios
MomVol_p01,0.0,openap_sorted_portfolios
MomVol_p02,0.0,openap_sorted_portfolios
MomVol_p03,0.0,openap_sorted_portfolios
MomVol_p04,0.0,openap_sorted_portfolios
MomVol_p05,0.0,openap_sorted_portfolios
MomVol_p06,0.0,openap_sorted_portfolios
MomVol_p07,0.0,openap_sorted_portfolios
MomVol_p08,0.0,openap_sorted_portfolios
MomVol_p09,0.0,openap_sorted_portfolios
MomVol_p10,0.0,openap_sorted_portfolios
NOA_p01,0.0,openap_sorted_portfolios
NOA_p02,0.0,openap_sorted_portfolios
NOA_p03,0.0,openap_sorted_portfolios
NOA_p04,0.0,openap_sorted_portfolios
NOA_p05,0.0,openap_sorted_portfolios
NOA_p06,0.0,openap_sorted_portfolios
NOA_p07,0.0,openap_sorted_portfolios
NOA_p08,0.0,openap_sorted_portfolios
NOA_p09,0.0,openap_sorted_portfolios
NOA_p10,0.0,openap_sorted_portfolios
NetDebtPrice_p01,0.0,openap_sorted_portfolios
NetDebtPrice_p02,0.0,openap_sorted_portfolios
NetDebtPrice_p03,0.0,openap_sorted_portfolios
NetDebtPrice_p04,0.0,openap_sorted_portfolios
NetDebtPrice_p05,0.0,openap_sorted_portfolios
NetPayoutYield_p01,0.0,openap_sorted_portfolios
NetPayoutYield_p02,0.0,openap_sorted_portfolios
NetPayoutYield_p03,0.0,openap_sorted_portfolios
NetPayoutYield_p04,0.0,openap_sorted_portfolios
NetPayoutYield_p05,0.0,openap_sorted_portfolios
NetPayoutYield_p06,0.0,openap_sorted_portfolios
NetPayoutYield_p07,0.0,openap_sorted_portfolios
NetPayoutYield_p08,0.0,openap_sorted_portfolios
NetPayoutYield_p09,0.0,openap_sorted_portfolios
NetPayoutYield_p10,0.0,openap_sorted_portfolios
OPLeverage_p01,0.0,openap_sorted_portfolios
OPLeverage_p02,0.0,openap_sorted_portfolios
OPLeverage_p03,0.0,openap_sorted_portfolios
OPLeverage_p04,0.0,openap_sorted_portfolios
OPLeverage_p05,0.0,openap_sorted_portfolios
OperProfRD_p01,0.0,openap_sorted_portfolios
OperProfRD_p02,0.0,openap_sorted_portfolios
OperProfRD_p03,0.0,openap_sorted_portfolios
OperProfRD_p04,0.0,openap_sorted_portfolios
OperProfRD_p05,0.0,openap_sorted_portfolios
OperProfRD_p06,0.0,openap_sorted_portfolios
OperProfRD_p07,0.0,openap_sorted_portfolios
OperProfRD_p08,0.0,openap_sorted_portfolios
OperProfRD_p09,0.0,openap_sorted_portfolios
OperProfRD_p10,0.0,openap_sorted_portfolios
OperProf_p01,0.0,openap_sorted_portfolios
OperProf_p02,0.0,openap_sorted_portfolios
OperProf_p03,0.0,openap_sorted_portfolios
OperProf_p04,0.0,openap_sorted_portfolios
OperProf_p05,0.0,openap_sorted_portfolios
OrgCap_p01,0.0,openap_sorted_portfolios
OrgCap_p02,0.0,openap_sorted_portfolios
OrgCap_p03,0.0,openap_sorted_portfolios
OrgCap_p04,0.0,openap_sorted_portfolios
OrgCap_p05,0.0,openap_sorted_portfolios
PayoutYield_p01,0.0,openap_sorted_portfolios
PayoutYield_p02,0.0,openap_sorted_portfolios
PayoutYield_p03,0.0,openap_sorted_portfolios
PayoutYield_p04,0.0,openap_sorted_portfolios
PayoutYield_p05,0.0,openap_sorted_portfolios
PayoutYield_p06,0.0,openap_sorted_portfolios
PayoutYield_p07,0.0,openap_sorted_portfolios
PayoutYield_p08,0.0,openap_sorted_portfolios
PayoutYield_p09,0.0,openap_sorted_portfolios
PayoutYield_p10,0.0,openap_sorted_portfolios
Price_p01,0.0,openap_sorted_portfolios
Price_p02,0.0,openap_sorted_portfolios
Price_p03,0.0,openap_sorted_portfolios
Price_p04,0.0,openap_sorted_portfolios
Price_p05,0.0,openap_sorted_portfolios
RDAbility_p01,0.0,openap_sorted_portfolios
RDAbility_p02,0.0,openap_sorted_portfolios
RDAbility_p03,0.0,openap_sorted_portfolios
RDAbility_p04,0.0,openap_sorted_portfolios
RDAbility_p05,0.0,openap_sorted_portfolios
RDIPO_p02,0.0,openap_sorted_portfolios
RD_p01,0.0,openap_sorted_portfolios
RD_p02,0.0,openap_sorted_portfolios
RD_p03,0.0,openap_sorted_portfolios
RD_p04,0.0,openap_sorted_portfolios
RD_p05,0.0,openap_sorted_portfolios
RIO_MB_p01,0.0,openap_sorted_portfolios
RIO_MB_p02,0.0,openap_sorted_portfolios
RIO_MB_p03,0.0,openap_sorted_portfolios
RIO_MB_p04,0.0,openap_sorted_portfolios
RIO_MB_p05,0.0,openap_sorted_portfolios
RIO_Turnover_p01,0.0,openap_sorted_portfolios
RIO_Turnover_p02,0.0,openap_sorted_portfolios
RIO_Turnover_p03,0.0,openap_sorted_portfolios
RIO_Turnover_p04,0.0,openap_sorted_portfolios
RIO_Turnover_p05,0.0,openap_sorted_portfolios
RIO_Volatility_p01,0.0,openap_sorted_portfolios
RIO_Volatility_p02,0.0,openap_sorted_portfolios
RIO_Volatility_p03,0.0,openap_sorted_portfolios
RIO_Volatility_p04,0.0,openap_sorted_portfolios
RIO_Volatility_p05,0.0,openap_sorted_portfolios
RealizedVol_p01,0.0,openap_sorted_portfolios
RealizedVol_p02,0.0,openap_sorted_portfolios
RealizedVol_p03,0.0,openap_sorted_portfolios
RealizedVol_p04,0.0,openap_sorted_portfolios
RealizedVol_p05,0.0,openap_sorted_portfolios
ResidualMomentum_p01,0.0,openap_sorted_portfolios
ResidualMomentum_p02,0.0,openap_sorted_portfolios
ResidualMomentum_p03,0.0,openap_sorted_portfolios
ResidualMomentum_p04,0.0,openap_sorted_portfolios
ResidualMomentum_p05,0.0,openap_sorted_portfolios
ResidualMomentum_p06,0.0,openap_sorted_portfolios
ResidualMomentum_p07,0.0,openap_sorted_portfolios
ResidualMomentum_p08,0.0,openap_sorted_portfolios
ResidualMomentum_p09,0.0,openap_sorted_portfolios
ResidualMomentum_p10,0.0,openap_sorted_portfolios
ReturnSkew3F_p01,0.0,openap_sorted_portfolios
ReturnSkew3F_p02,0.0,openap_sorted_portfolios
ReturnSkew3F_p03,0.0,openap_sorted_portfolios
ReturnSkew3F_p04,0.0,openap_sorted_portfolios
ReturnSkew3F_p05,0.0,openap_sorted_portfolios
ReturnSkew_p01,0.0,openap_sorted_portfolios
ReturnSkew_p02,0.0,openap_sorted_portfolios
ReturnSkew_p03,0.0,openap_sorted_portfolios
ReturnSkew_p04,0.0,openap_sorted_portfolios
ReturnSkew_p05,0.0,openap_sorted_portfolios
RevenueSurprise_p01,0.0,openap_sorted_portfolios
RevenueSurprise_p02,0.0,openap_sorted_portfolios
RevenueSurprise_p03,0.0,openap_sorted_portfolios
RevenueSurprise_p04,0.0,openap_sorted_portfolios
RevenueSurprise_p05,0.0,openap_sorted_portfolios
RoE_p01,0.0,openap_sorted_portfolios
RoE_p02,0.0,openap_sorted_portfolios
RoE_p03,0.0,openap_sorted_portfolios
RoE_p04,0.0,openap_sorted_portfolios
RoE_p05,0.0,openap_sorted_portfolios
SP_p01,0.0,openap_sorted_portfolios
SP_p02,0.0,openap_sorted_portfolios
SP_p03,0.0,openap_sorted_portfolios
SP_p04,0.0,openap_sorted_portfolios
SP_p05,0.0,openap_sorted_portfolios
STreversal_p01,0.0,openap_sorted_portfolios
STreversal_p02,0.0,openap_sorted_portfolios
STreversal_p09,0.0,openap_sorted_portfolios
STreversal_p10,0.0,openap_sorted_portfolios
ShareIss1Y_p01,0.0,openap_sorted_portfolios
ShareIss1Y_p02,0.0,openap_sorted_portfolios
ShareIss1Y_p05,0.0,openap_sorted_portfolios
ShareIss5Y_p01,0.0,openap_sorted_portfolios
ShareIss5Y_p02,0.0,openap_sorted_portfolios
ShareIss5Y_p03,0.0,openap_sorted_portfolios
ShareIss5Y_p05,0.0,openap_sorted_portfolios
ShareRepurchase_p01,0.0,openap_sorted_portfolios
ShareVol_p01,0.0,openap_sorted_portfolios
ShareVol_p02,0.0,openap_sorted_portfolios
Size_p01,0.0,openap_sorted_portfolios
Size_p02,0.0,openap_sorted_portfolios
Spinoff_p01,0.0,openap_sorted_portfolios
Spinoff_p02,0.0,openap_sorted_portfolios
SurpriseRD_p01,0.0,openap_sorted_portfolios
SurpriseRD_p02,0.0,openap_sorted_portfolios
Tax_p01,0.0,openap_sorted_portfolios
Tax_p02,0.0,openap_sorted_portfolios
Tax_p03,0.0,openap_sorted_portfolios
Tax_p05,0.0,openap_sorted_portfolios
TotalAccruals_p01,0.0,openap_sorted_portfolios
TotalAccruals_p02,0.0,openap_sorted_portfolios
TotalAccruals_p03,0.0,openap_sorted_portfolios
TotalAccruals_p04,0.0,openap_sorted_portfolios
TotalAccruals_p05,0.0,openap_sorted_portfolios
TrendFactor_p01,0.0,openap_sorted_portfolios
TrendFactor_p02,0.0,openap_sorted_portfolios
TrendFactor_p03,0.0,openap_sorted_portfolios
TrendFactor_p04,0.0,openap_sorted_portfolios
TrendFactor_p05,0.0,openap_sorted_portfolios
VarCF_p01,0.0,openap_sorted_portfolios
VarCF_p02,0.0,openap_sorted_portfolios
VarCF_p03,0.0,openap_sorted_portfolios
VarCF_p04,0.0,openap_sorted_portfolios
VarCF_p05,0.0,openap_sorted_portfolios
VolMkt_p01,0.0,openap_sorted_portfolios
VolMkt_p02,0.0,openap_sorted_portfolios
VolMkt_p03,0.0,openap_sorted_portfolios
VolMkt_p04,0.0,openap_sorted_portfolios
VolMkt_p05,0.0,openap_sorted_portfolios
VolSD_p01,0.0,openap_sorted_portfolios
VolSD_p02,0.0,openap_sorted_portfolios
VolSD_p03,0.0,openap_sorted_portfolios
VolSD_p04,0.0,openap_sorted_portfolios
VolSD_p05,0.0,openap_sorted_portfolios
VolumeTrend_p01,0.0,openap_sorted_portfolios
VolumeTrend_p02,0.0,openap_sorted_portfolios
VolumeTrend_p03,0.0,openap_sorted_portfolios
VolumeTrend_p04,0.0,openap_sorted_portfolios
VolumeTrend_p05,0.0,openap_sorted_portfolios
dNoa_p01,0.0,openap_sorted_portfolios
dNoa_p02,0.0,openap_sorted_portfolios
dNoa_p03,0.0,openap_sorted_portfolios
dNoa_p04,0.0,openap_sorted_portfolios
dNoa_p05,0.0,openap_sorted_portfolios
grcapx3y_p01,0.0,openap_sorted_portfolios
grcapx3y_p02,0.0,openap_sorted_portfolios
grcapx3y_p03,0.0,openap_sorted_portfolios
grcapx3y_p04,0.0,openap_sorted_portfolios
grcapx3y_p05,0.0,openap_sorted_portfolios
grcapx_p01,0.0,openap_sorted_portfolios
grcapx_p02,0.0,openap_sorted_portfolios
grcapx_p03,0.0,openap_sorted_portfolios
grcapx_p04,0.0,openap_sorted_portfolios
grcapx_p05,0.0,openap_sorted_portfolios
sinAlgo_p01,0.0,openap_sorted_portfolios
sinAlgo_p02,0.0,openap_sorted_portfolios
std_turn_p01,0.0,openap_sorted_portfolios
std_turn_p02,0.0,openap_sorted_portfolios
std_turn_p03,0.0,openap_sorted_portfolios
std_turn_p04,0.0,openap_sorted_portfolios
std_turn_p05,0.0,openap_sorted_portfolios
tang_p01,0.0,openap_sorted_portfolios
tang_p02,0.0,openap_sorted_portfolios
tang_p03,0.0,openap_sorted_portfolios
tang_p04,0.0,openap_sorted_portfolios
tang_p05,0.0,openap_sorted_portfolios
zerotrade12M_p01,0.0,openap_sorted_portfolios
zerotrade12M_p02,0.0,openap_sorted_portfolios
zerotrade12M_p03,0.0,openap_sorted_portfolios
zerotrade12M_p04,0.0,openap_sorted_portfolios
zerotrade12M_p05,0.0,openap_sorted_portfolios
zerotrade12M_p06,0.0,openap_sorted_portfolios
zerotrade12M_p07,0.0,openap_sorted_portfolios
zerotrade12M_p08,0.0,openap_sorted_portfolios
zerotrade12M_p09,0.0,openap_sorted_portfolios
zerotrade12M_p10,0.0,openap_sorted_portfolios
zerotrade1M_p01,0.0,openap_sorted_portfolios
zerotrade1M_p02,0.0,openap_sorted_portfolios
zerotrade1M_p03,0.0,openap_sorted_portfolios
zerotrade1M_p04,0.0,openap_sorted_portfolios
zerotrade1M_p05,0.0,openap_sorted_portfolios
zerotrade1M_p06,0.0,openap_sorted_portfolios
zerotrade1M_p07,0.0,openap_sorted_portfolios
zerotrade1M_p08,0.0,openap_sorted_portfolios
zerotrade1M_p09,0.0,openap_sorted_portfolios
zerotrade1M_p10,0.0,openap_sorted_portfolios
zerotrade6M_p01,0.0,openap_sorted_portfolios
zerotrade6M_p02,0.0,openap_sorted_portfolios
zerotrade6M_p03,0.0,openap_sorted_portfolios
zerotrade6M_p04,0.0,openap_sorted_portfolios
zerotrade6M_p05,0.0,openap_sorted_portfolios
zerotrade6M_p06,0.0,openap_sorted_portfolios
zerotrade6M_p07,0.0,openap_sorted_portfolios
zerotrade6M_p08,0.0,openap_sorted_portfolios
zerotrade6M_p09,0.0,openap_sorted_portfolios
zerotrade6M_p10,0.0,openap_sorted_portfolios
DivOmit_p01,0.0013550135501355014,openap_sorted_portfolios
EarnSupBig_p03,0.0013550135501355014,openap_sorted_portfolios
EarnSupBig_p04,0.0013550135501355014,openap_sorted_portfolios
MomOffSeason06YrPlus_p06,0.0013550135501355014,openap_sorted_portfolios
MomOffSeason06YrPlus_p07,0.0013550135501355014,openap_sorted_portfolios
MomOffSeason06YrPlus_p08,0.0013550135501355014,openap_sorted_portfolios
MomOffSeason11YrPlus_p07,0.0013550135501355014,openap_sorted_portfolios
MomOffSeason11YrPlus_p08,0.0013550135501355014,openap_sorted_portfolios
MomOffSeason16YrPlus_p08,0.0013550135501355014,openap_sorted_portfolios
MomOffSeason_p06,0.0013550135501355014,openap_sorted_portfolios
MomOffSeason_p07,0.0013550135501355014,openap_sorted_portfolios
MomOffSeason_p08,0.0013550135501355014,openap_sorted_portfolios
MomSeason06YrPlus_p03,0.0013550135501355014,openap_sorted_portfolios
MomSeason06YrPlus_p04,0.0013550135501355014,openap_sorted_portfolios
MomSeason11YrPlus_p03,0.0013550135501355014,openap_sorted_portfolios
MomSeason11YrPlus_p04,0.0013550135501355014,openap_sorted_portfolios
MomSeason16YrPlus_p03,0.0013550135501355014,openap_sorted_portfolios
MomSeasonShort_p02,0.0013550135501355014,openap_sorted_portfolios
MomSeasonShort_p03,0.0013550135501355014,openap_sorted_portfolios
MomSeasonShort_p04,0.0013550135501355014,openap_sorted_portfolios
MomSeasonShort_p05,0.0013550135501355014,openap_sorted_portfolios
MomSeason_p03,0.0013550135501355014,openap_sorted_portfolios
MomSeason_p04,0.0013550135501355014,openap_sorted_portfolios
MomSeason_p05,0.0013550135501355014,openap_sorted_portfolios
STreversal_p03,0.0013550135501355014,openap_sorted_portfolios
Tax_p04,0.0013550135501355014,openap_sorted_portfolios
EarnSupBig_p02,0.0027100271002710027,openap_sorted_portfolios
MomOffSeason16YrPlus_p07,0.0027100271002710027,openap_sorted_portfolios
MomSeason16YrPlus_p04,0.0027100271002710027,openap_sorted_portfolios
STreversal_p08,0.0027100271002710027,openap_sorted_portfolios
IndRetBig_p02,0.0040650406504065045,openap_sorted_portfolios
PriceDelayRsq_p01,0.005420054200542005,openap_sorted_portfolios
PriceDelayRsq_p02,0.005420054200542005,openap_sorted_portfolios
PriceDelayRsq_p03,0.005420054200542005,openap_sorted_portfolios
PriceDelayRsq_p04,0.005420054200542005,openap_sorted_portfolios
PriceDelayRsq_p05,0.005420054200542005,openap_sorted_portfolios
PriceDelayRsq_p06,0.005420054200542005,openap_sorted_portfolios
PriceDelayRsq_p07,0.005420054200542005,openap_sorted_portfolios
PriceDelayRsq_p08,0.005420054200542005,openap_sorted_portfolios
PriceDelayRsq_p09,0.005420054200542005,openap_sorted_portfolios
PriceDelayRsq_p10,0.005420054200542005,openap_sorted_portfolios
PriceDelaySlope_p01,0.005420054200542005,openap_sorted_portfolios
PriceDelaySlope_p02,0.005420054200542005,openap_sorted_portfolios
PriceDelaySlope_p03,0.005420054200542005,openap_sorted_portfolios
PriceDelaySlope_p04,0.005420054200542005,openap_sorted_portfolios
PriceDelaySlope_p05,0.005420054200542005,openap_sorted_portfolios
PriceDelaySlope_p06,0.005420054200542005,openap_sorted_portfolios
PriceDelaySlope_p07,0.005420054200542005,openap_sorted_portfolios
PriceDelaySlope_p08,0.005420054200542005,openap_sorted_portfolios
PriceDelaySlope_p09,0.005420054200542005,openap_sorted_portfolios
PriceDelaySlope_p10,0.005420054200542005,openap_sorted_portfolios
PriceDelayTstat_p01,0.005420054200542005,openap_sorted_portfolios
PriceDelayTstat_p02,0.005420054200542005,openap_sorted_portfolios
PriceDelayTstat_p03,0.005420054200542005,openap_sorted_portfolios
PriceDelayTstat_p04,0.005420054200542005,openap_sorted_portfolios
PriceDelayTstat_p05,0.005420054200542005,openap_sorted_portfolios
PriceDelayTstat_p06,0.005420054200542005,openap_sorted_portfolios
PriceDelayTstat_p07,0.005420054200542005,openap_sorted_portfolios
PriceDelayTstat_p08,0.005420054200542005,openap_sorted_portfolios
PriceDelayTstat_p09,0.005420054200542005,openap_sorted_portfolios
PriceDelayTstat_p10,0.005420054200542005,openap_sorted_portfolios
STreversal_p05,0.006775067750677507,openap_sorted_portfolios
STreversal_p07,0.006775067750677507,openap_sorted_portfolios
AccrualsBM_p02,0.008130081300813009,openap_sorted_portfolios
BetaLiquidityPS_p06,0.008130081300813009,openap_sorted_portfolios
ChTax_p06,0.008130081300813009,openap_sorted_portfolios
NumEarnIncrease_p01,0.008130081300813009,openap_sorted_portfolios
NumEarnIncrease_p05,0.008130081300813009,openap_sorted_portfolios
STreversal_p04,0.008130081300813009,openap_sorted_portfolios
BetaLiquidityPS_p05,0.01084010840108401,openap_sorted_portfolios
BetaLiquidityPS_p07,0.01084010840108401,openap_sorted_portfolios
BetaLiquidityPS_p08,0.01084010840108401,openap_sorted_portfolios
FirmAgeMom_p01,0.01084010840108401,openap_sorted_portfolios
FirmAgeMom_p02,0.01084010840108401,openap_sorted_portfolios
FirmAgeMom_p03,0.01084010840108401,openap_sorted_portfolios
FirmAgeMom_p04,0.01084010840108401,openap_sorted_portfolios
FirmAgeMom_p05,0.01084010840108401,openap_sorted_portfolios
MS_p02,0.01084010840108401,openap_sorted_portfolios
BetaLiquidityPS_p09,0.012195121951219513,openap_sorted_portfolios
BetaLiquidityPS_p10,0.012195121951219513,openap_sorted_portfolios
BetaLiquidityPS_p02,0.013550135501355014,openap_sorted_portfolios
BetaLiquidityPS_p04,0.013550135501355014,openap_sorted_portfolios
BetaLiquidityPS_p01,0.014905149051490514,openap_sorted_portfolios
BetaLiquidityPS_p03,0.014905149051490514,openap_sorted_portfolios
STreversal_p06,0.014905149051490514,openap_sorted_portfolios
AdExp_p01,0.016260162601626018,openap_sorted_portfolios
AdExp_p02,0.016260162601626018,openap_sorted_portfolios
AdExp_p04,0.016260162601626018,openap_sorted_portfolios
AdExp_p05,0.016260162601626018,openap_sorted_portfolios
PctAcc_p01,0.016260162601626018,openap_sorted_portfolios
PctAcc_p02,0.016260162601626018,openap_sorted_portfolios
PctAcc_p03,0.016260162601626018,openap_sorted_portfolios
PctAcc_p04,0.016260162601626018,openap_sorted_portfolios
PctAcc_p05,0.016260162601626018,openap_sorted_portfolios
PctAcc_p06,0.016260162601626018,openap_sorted_portfolios
PctAcc_p07,0.016260162601626018,openap_sorted_portfolios
PctAcc_p08,0.016260162601626018,openap_sorted_portfolios
PctAcc_p09,0.016260162601626018,openap_sorted_portfolios
PctAcc_p10,0.016260162601626018,openap_sorted_portfolios
ShareIss5Y_p04,0.016260162601626018,openap_sorted_portfolios
cfp_p01,0.016260162601626018,openap_sorted_portfolios
cfp_p02,0.016260162601626018,openap_sorted_portfolios
cfp_p03,0.016260162601626018,openap_sorted_portfolios
cfp_p04,0.016260162601626018,openap_sorted_portfolios
cfp_p05,0.016260162601626018,openap_sorted_portfolios
AccrualsBM_p01,0.017615176151761516,openap_sorted_portfolios
AdExp_p03,0.032520325203252036,openap_sorted_portfolios
BrandInvest_p01,0.032520325203252036,openap_sorted_portfolios
BrandInvest_p05,0.032520325203252036,openap_sorted_portfolios
ChTax_p04,0.032520325203252036,openap_sorted_portfolios
GrAdExp_p01,0.032520325203252036,openap_sorted_portfolios
GrAdExp_p10,0.032520325203252036,openap_sorted_portfolios
hire_p01,0.032520325203252036,openap_sorted_portfolios
hire_p02,0.032520325203252036,openap_sorted_portfolios
hire_p05,0.032520325203252036,openap_sorted_portfolios
ChInv_p08,0.03523035230352303,openap_sorted_portfolios
GrAdExp_p06,0.04065040650406504,openap_sorted_portfolios
ShareIss1Y_p03,0.04065040650406504,openap_sorted_portfolios
GrAdExp_p03,0.04336043360433604,openap_sorted_portfolios
GrAdExp_p07,0.04336043360433604,openap_sorted_portfolios
GrAdExp_p09,0.04336043360433604,openap_sorted_portfolios
GrAdExp_p02,0.04607046070460705,openap_sorted_portfolios
GrAdExp_p04,0.04607046070460705,openap_sorted_portfolios
GrAdExp_p05,0.04607046070460705,openap_sorted_portfolios
GrAdExp_p08,0.04607046070460705,openap_sorted_portfolios
BrandInvest_p02,0.04878048780487805,openap_sorted_portfolios
BrandInvest_p03,0.04878048780487805,openap_sorted_portfolios
IntanBM_p01,0.04878048780487805,openap_sorted_portfolios
IntanBM_p05,0.04878048780487805,openap_sorted_portfolios
roaq_p01,0.04878048780487805,openap_sorted_portfolios
roaq_p10,0.04878048780487805,openap_sorted_portfolios
IntanBM_p02,0.06097560975609756,openap_sorted_portfolios
IntanBM_p04,0.06097560975609756,openap_sorted_portfolios
IntanBM_p03,0.06368563685636856,openap_sorted_portfolios
BrandInvest_p04,0.06504065040650407,openap_sorted_portfolios
roaq_p07,0.06910569105691057,openap_sorted_portfolios
roaq_p04,0.08130081300813008,openap_sorted_portfolios
NumEarnIncrease_p04,0.08943089430894309,openap_sorted_portfolios
hire_p03,0.0975609756097561,openap_sorted_portfolios
roaq_p03,0.1016260162601626,openap_sorted_portfolios
roaq_p05,0.1016260162601626,openap_sorted_portfolios
roaq_p06,0.1016260162601626,openap_sorted_portfolios
roaq_p09,0.1016260162601626,openap_sorted_portfolios
CredRatDG_p01,0.10840108401084012,openap_sorted_portfolios
Mom6mJunk_p01,0.10840108401084012,openap_sorted_portfolios
Mom6mJunk_p10,0.10840108401084012,openap_sorted_portfolios
Mom6mJunk_p09,0.10975609756097561,openap_sorted_portfolios
Mom6mJunk_p02,0.1111111111111111,openap_sorted_portfolios
Mom6mJunk_p03,0.1111111111111111,openap_sorted_portfolios
Mom6mJunk_p05,0.1111111111111111,openap_sorted_portfolios
Mom6mJunk_p06,0.1111111111111111,openap_sorted_portfolios
Mom6mJunk_p07,0.1111111111111111,openap_sorted_portfolios
Mom6mJunk_p04,0.11246612466124661,openap_sorted_portfolios
Mom6mJunk_p08,0.11246612466124661,openap_sorted_portfolios
realestate_p01,0.11382113821138211,openap_sorted_portfolios
realestate_p02,0.11382113821138211,openap_sorted_portfolios
realestate_p03,0.11382113821138211,openap_sorted_portfolios
realestate_p04,0.11382113821138211,openap_sorted_portfolios
realestate_p05,0.11382113821138211,openap_sorted_portfolios
roaq_p02,0.11382113821138211,openap_sorted_portfolios
roaq_p08,0.11382113821138211,openap_sorted_portfolios
OrderBacklog_p01,0.13008130081300814,openap_sorted_portfolios
OrderBacklog_p02,0.13008130081300814,openap_sorted_portfolios
OrderBacklog_p03,0.13008130081300814,openap_sorted_portfolios
OrderBacklog_p04,0.13008130081300814,openap_sorted_portfolios
OrderBacklog_p05,0.13008130081300814,openap_sorted_portfolios
AnnouncementReturn_p01,0.13279132791327913,openap_sorted_portfolios
AnnouncementReturn_p03,0.13279132791327913,openap_sorted_portfolios
AnnouncementReturn_p05,0.13279132791327913,openap_sorted_portfolios
AnnouncementReturn_p02,0.13414634146341464,openap_sorted_portfolios
AnnouncementReturn_p04,0.13414634146341464,openap_sorted_portfolios
Cash_p01,0.13414634146341464,openap_sorted_portfolios
Cash_p06,0.13414634146341464,openap_sorted_portfolios
Cash_p10,0.13414634146341464,openap_sorted_portfolios
MS_p04,0.13414634146341464,openap_sorted_portfolios
Cash_p03,0.13550135501355012,openap_sorted_portfolios
Cash_p04,0.13550135501355012,openap_sorted_portfolios
Cash_p05,0.13550135501355012,openap_sorted_portfolios
Cash_p07,0.13550135501355012,openap_sorted_portfolios
Cash_p08,0.13550135501355012,openap_sorted_portfolios
Cash_p09,0.13550135501355012,openap_sorted_portfolios
MS_p05,0.13550135501355012,openap_sorted_portfolios
MS_p03,0.13685636856368563,openap_sorted_portfolios
DebtIssuance_p01,0.13821138211382114,openap_sorted_portfolios
DelLTI_p04,0.13821138211382114,openap_sorted_portfolios
OScore_p01,0.13821138211382114,openap_sorted_portfolios
OScore_p02,0.13821138211382114,openap_sorted_portfolios
PS_p01,0.13821138211382114,openap_sorted_portfolios
PS_p10,0.13821138211382114,openap_sorted_portfolios
Cash_p02,0.14498644986449866,openap_sorted_portfolios
AbnormalAccruals_p01,0.14634146341463414,openap_sorted_portfolios
AbnormalAccruals_p02,0.14634146341463414,openap_sorted_portfolios
AbnormalAccruals_p03,0.14634146341463414,openap_sorted_portfolios
AbnormalAccruals_p04,0.14634146341463414,openap_sorted_portfolios
AbnormalAccruals_p05,0.14634146341463414,openap_sorted_portfolios
AbnormalAccruals_p06,0.14634146341463414,openap_sorted_portfolios
AbnormalAccruals_p07,0.14634146341463414,openap_sorted_portfolios
AbnormalAccruals_p08,0.14634146341463414,openap_sorted_portfolios
AbnormalAccruals_p09,0.14634146341463414,openap_sorted_portfolios
AbnormalAccruals_p10,0.14634146341463414,openap_sorted_portfolios
NetDebtFinance_p01,0.14634146341463414,openap_sorted_portfolios
NetDebtFinance_p02,0.14634146341463414,openap_sorted_portfolios
NetDebtFinance_p03,0.14634146341463414,openap_sorted_portfolios
NetDebtFinance_p07,0.14634146341463414,openap_sorted_portfolios
NetDebtFinance_p08,0.14634146341463414,openap_sorted_portfolios
NetDebtFinance_p09,0.14634146341463414,openap_sorted_portfolios
NetDebtFinance_p10,0.14634146341463414,openap_sorted_portfolios
NetEquityFinance_p01,0.14634146341463414,openap_sorted_portfolios
NetEquityFinance_p02,0.14634146341463414,openap_sorted_portfolios
NetEquityFinance_p06,0.14634146341463414,openap_sorted_portfolios
NetEquityFinance_p07,0.14634146341463414,openap_sorted_portfolios
NetEquityFinance_p08,0.14634146341463414,openap_sorted_portfolios
NetEquityFinance_p09,0.14634146341463414,openap_sorted_portfolios
NetEquityFinance_p10,0.14634146341463414,openap_sorted_portfolios
OrderBacklogChg_p01,0.14634146341463414,openap_sorted_portfolios
OrderBacklogChg_p02,0.14634146341463414,openap_sorted_portfolios
OrderBacklogChg_p03,0.14634146341463414,openap_sorted_portfolios
OrderBacklogChg_p04,0.14634146341463414,openap_sorted_portfolios
OrderBacklogChg_p05,0.14634146341463414,openap_sorted_portfolios
OrderBacklogChg_p06,0.14634146341463414,openap_sorted_portfolios
OrderBacklogChg_p07,0.14634146341463414,openap_sorted_portfolios
OrderBacklogChg_p08,0.14634146341463414,openap_sorted_portfolios
OrderBacklogChg_p09,0.14634146341463414,openap_sorted_portfolios
OrderBacklogChg_p10,0.14634146341463414,openap_sorted_portfolios
ShareRepurchase_p02,0.14634146341463414,openap_sorted_portfolios
XFIN_p01,0.14634146341463414,openap_sorted_portfolios
XFIN_p02,0.14634146341463414,openap_sorted_portfolios
XFIN_p03,0.14634146341463414,openap_sorted_portfolios
XFIN_p04,0.14634146341463414,openap_sorted_portfolios
XFIN_p05,0.14634146341463414,openap_sorted_portfolios
XFIN_p06,0.14634146341463414,openap_sorted_portfolios
XFIN_p07,0.14634146341463414,openap_sorted_portfolios
XFIN_p08,0.14634146341463414,openap_sorted_portfolios
XFIN_p09,0.14634146341463414,openap_sorted_portfolios
XFIN_p10,0.14634146341463414,openap_sorted_portfolios
hire_p04,0.14769647696476965,openap_sorted_portfolios
NetEquityFinance_p03,0.15582655826558264,openap_sorted_portfolios
ShortInterest_p01,0.15582655826558264,openap_sorted_portfolios
ShortInterest_p02,0.15582655826558264,openap_sorted_portfolios
ShortInterest_p03,0.15582655826558264,openap_sorted_portfolios
ShortInterest_p04,0.15582655826558264,openap_sorted_portfolios
ShortInterest_p05,0.15582655826558264,openap_sorted_portfolios
ChInv_p05,0.15853658536585366,openap_sorted_portfolios
ChTax_p05,0.16124661246612465,openap_sorted_portfolios
RDS_p01,0.16260162601626016,openap_sorted_portfolios
RDS_p02,0.16260162601626016,openap_sorted_portfolios
RDS_p03,0.16260162601626016,openap_sorted_portfolios
NetDebtFinance_p04,0.16531165311653118,openap_sorted_portfolios
NetEquityFinance_p04,0.17479674796747968,openap_sorted_portfolios
NetDebtFinance_p06,0.18157181571815717,openap_sorted_portfolios
NetEquityFinance_p05,0.1897018970189702,openap_sorted_portfolios
IndIPO_p01,0.19241192411924118,openap_sorted_portfolios
FEPS_p01,0.2046070460704607,openap_sorted_portfolios
FEPS_p02,0.2046070460704607,openap_sorted_portfolios
FEPS_p03,0.2046070460704607,openap_sorted_portfolios
FEPS_p04,0.2046070460704607,openap_sorted_portfolios
FEPS_p05,0.2046070460704607,openap_sorted_portfolios
FEPS_p06,0.2046070460704607,openap_sorted_portfolios
FEPS_p07,0.2046070460704607,openap_sorted_portfolios
FEPS_p08,0.2046070460704607,openap_sorted_portfolios
FEPS_p09,0.2046070460704607,openap_sorted_portfolios
FEPS_p10,0.2046070460704607,openap_sorted_portfolios
ForecastDispersion_p01,0.2046070460704607,openap_sorted_portfolios
ForecastDispersion_p02,0.2046070460704607,openap_sorted_portfolios
ForecastDispersion_p03,0.2046070460704607,openap_sorted_portfolios
ForecastDispersion_p04,0.2046070460704607,openap_sorted_portfolios
ForecastDispersion_p05,0.2046070460704607,openap_sorted_portfolios
MS_p06,0.2046070460704607,openap_sorted_portfolios
RIO_Disp_p01,0.2046070460704607,openap_sorted_portfolios
RIO_Disp_p02,0.2046070460704607,openap_sorted_portfolios
RIO_Disp_p03,0.2046070460704607,openap_sorted_portfolios
RIO_Disp_p04,0.2046070460704607,openap_sorted_portfolios
RIO_Disp_p05,0.2046070460704607,openap_sorted_portfolios
retConglomerate_p01,0.2046070460704607,openap_sorted_portfolios
retConglomerate_p10,0.2046070460704607,openap_sorted_portfolios
AnalystRevision_p01,0.20596205962059622,openap_sorted_portfolios
AnalystRevision_p05,0.20596205962059622,openap_sorted_portfolios
retConglomerate_p07,0.2073170731707317,openap_sorted_portfolios
retConglomerate_p05,0.2086720867208672,openap_sorted_portfolios
retConglomerate_p06,0.2086720867208672,openap_sorted_portfolios
retConglomerate_p09,0.2086720867208672,openap_sorted_portfolios
retConglomerate_p04,0.21002710027100271,openap_sorted_portfolios
AOP_p01,0.21138211382113822,openap_sorted_portfolios
AOP_p02,0.21138211382113822,openap_sorted_portfolios
AOP_p03,0.21138211382113822,openap_sorted_portfolios
AOP_p04,0.21138211382113822,openap_sorted_portfolios
AOP_p05,0.21138211382113822,openap_sorted_portfolios
AnalystValue_p01,0.21138211382113822,openap_sorted_portfolios
AnalystValue_p02,0.21138211382113822,openap_sorted_portfolios
AnalystValue_p03,0.21138211382113822,openap_sorted_portfolios
AnalystValue_p04,0.21138211382113822,openap_sorted_portfolios
AnalystValue_p05,0.21138211382113822,openap_sorted_portfolios
ChForecastAccrual_p01,0.21138211382113822,openap_sorted_portfolios
ChForecastAccrual_p02,0.21138211382113822,openap_sorted_portfolios
ChNAnalyst_p02,0.2127371273712737,openap_sorted_portfolios
REV6_p01,0.2140921409214092,openap_sorted_portfolios
REV6_p02,0.2140921409214092,openap_sorted_portfolios
REV6_p03,0.2140921409214092,openap_sorted_portfolios
REV6_p04,0.2140921409214092,openap_sorted_portfolios
REV6_p05,0.2140921409214092,openap_sorted_portfolios
retConglomerate_p08,0.2140921409214092,openap_sorted_portfolios
retConglomerate_p03,0.21951219512195122,openap_sorted_portfolios
retConglomerate_p02,0.22086720867208673,openap_sorted_portfolios
sfe_p01,0.22357723577235772,openap_sorted_portfolios
sfe_p02,0.22357723577235772,openap_sorted_portfolios
sfe_p03,0.22357723577235772,openap_sorted_portfolios
sfe_p04,0.22357723577235772,openap_sorted_portfolios
sfe_p05,0.22357723577235772,openap_sorted_portfolios
sfe_p06,0.22357723577235772,openap_sorted_portfolios
sfe_p07,0.22357723577235772,openap_sorted_portfolios
sfe_p08,0.22357723577235772,openap_sorted_portfolios
sfe_p09,0.22357723577235772,openap_sorted_portfolios
sfe_p10,0.22357723577235772,openap_sorted_portfolios
RDIPO_p01,0.22493224932249323,openap_sorted_portfolios
CitationsRD_p01,0.22764227642276422,openap_sorted_portfolios
CitationsRD_p02,0.22764227642276422,openap_sorted_portfolios
CustomerMomentum_p01,0.22764227642276422,openap_sorted_portfolios
CustomerMomentum_p05,0.22764227642276422,openap_sorted_portfolios
PatentsRD_p01,0.22764227642276422,openap_sorted_portfolios
CustomerMomentum_p04,0.23170731707317074,openap_sorted_portfolios
CustomerMomentum_p03,0.23441734417344173,openap_sorted_portfolios
CustomerMomentum_p02,0.23577235772357724,openap_sorted_portfolios
ShareIss1Y_p04,0.24119241192411925,openap_sorted_portfolios
NetDebtFinance_p05,0.24254742547425473,openap_sorted_portfolios
ChNAnalyst_p01,0.24390243902439024,openap_sorted_portfolios
AnalystRevision_p02,0.2506775067750677,openap_sorted_portfolios
IO_ShortInterest_p01,0.26558265582655827,openap_sorted_portfolios
IO_ShortInterest_p03,0.2669376693766938,openap_sorted_portfolios
IO_ShortInterest_p02,0.2696476964769648,openap_sorted_portfolios
ChInv_p07,0.27100271002710025,openap_sorted_portfolios
DelBreadth_p01,0.2764227642276423,openap_sorted_portfolios
DelBreadth_p03,0.2764227642276423,openap_sorted_portfolios
DelBreadth_p08,0.2764227642276423,openap_sorted_portfolios
DelBreadth_p09,0.2764227642276423,openap_sorted_portfolios
DelBreadth_p10,0.2764227642276423,openap_sorted_portfolios
RDcap_p01,0.2764227642276423,openap_sorted_portfolios
RDcap_p02,0.2764227642276423,openap_sorted_portfolios
DelBreadth_p07,0.2791327913279133,openap_sorted_portfolios
DelBreadth_p02,0.2804878048780488,openap_sorted_portfolios
AgeIPO_p01,0.2845528455284553,openap_sorted_portfolios
AgeIPO_p03,0.2845528455284553,openap_sorted_portfolios
AgeIPO_p04,0.2845528455284553,openap_sorted_portfolios
AgeIPO_p05,0.2845528455284553,openap_sorted_portfolios
DelBreadth_p06,0.2845528455284553,openap_sorted_portfolios
DelBreadth_p04,0.2899728997289973,openap_sorted_portfolios
AnalystRevision_p04,0.2926829268292683,openap_sorted_portfolios
DelBreadth_p05,0.2926829268292683,openap_sorted_portfolios
FR_p01,0.2926829268292683,openap_sorted_portfolios
FR_p02,0.2926829268292683,openap_sorted_portfolios
FR_p03,0.2926829268292683,openap_sorted_portfolios
FR_p04,0.2926829268292683,openap_sorted_portfolios
FR_p05,0.2926829268292683,openap_sorted_portfolios
FR_p06,0.2926829268292683,openap_sorted_portfolios
FR_p07,0.2926829268292683,openap_sorted_portfolios
FR_p08,0.2926829268292683,openap_sorted_portfolios
FR_p09,0.2926829268292683,openap_sorted_portfolios
FR_p10,0.2926829268292683,openap_sorted_portfolios
EarningsForecastDisparity_p01,0.3008130081300813,openap_sorted_portfolios
EarningsForecastDisparity_p02,0.3008130081300813,openap_sorted_portfolios
EarningsForecastDisparity_p03,0.3008130081300813,openap_sorted_portfolios
EarningsForecastDisparity_p04,0.3008130081300813,openap_sorted_portfolios
EarningsForecastDisparity_p05,0.3008130081300813,openap_sorted_portfolios
fgr5yrLag_p01,0.3089430894308943,openap_sorted_portfolios
fgr5yrLag_p02,0.3089430894308943,openap_sorted_portfolios
fgr5yrLag_p03,0.3089430894308943,openap_sorted_portfolios
fgr5yrLag_p04,0.3089430894308943,openap_sorted_portfolios
fgr5yrLag_p05,0.3089430894308943,openap_sorted_portfolios
PredictedFE_p01,0.3252032520325203,openap_sorted_portfolios
PredictedFE_p02,0.3252032520325203,openap_sorted_portfolios
PredictedFE_p03,0.3252032520325203,openap_sorted_portfolios
PredictedFE_p04,0.3252032520325203,openap_sorted_portfolios
PredictedFE_p05,0.3252032520325203,openap_sorted_portfolios
PS_p09,0.3346883468834688,openap_sorted_portfolios
ExclExp_p01,0.33875338753387535,openap_sorted_portfolios
ExclExp_p05,0.33875338753387535,openap_sorted_portfolios
ExclExp_p04,0.3428184281842818,openap_sorted_portfolios
EarningsStreak_p01,0.34688346883468835,openap_sorted_portfolios
EarningsStreak_p02,0.34688346883468835,openap_sorted_portfolios
EarningsStreak_p03,0.34688346883468835,openap_sorted_portfolios
EarningsStreak_p04,0.34688346883468835,openap_sorted_portfolios
EarningsStreak_p05,0.34688346883468835,openap_sorted_portfolios
ExclExp_p02,0.35772357723577236,openap_sorted_portfolios
betaVIX_p01,0.36720867208672087,openap_sorted_portfolios
betaVIX_p02,0.36720867208672087,openap_sorted_portfolios
betaVIX_p03,0.36720867208672087,openap_sorted_portfolios
betaVIX_p04,0.36720867208672087,openap_sorted_portfolios
betaVIX_p05,0.36720867208672087,openap_sorted_portfolios
iomom_cust_p01,0.36720867208672087,openap_sorted_portfolios
iomom_cust_p05,0.36720867208672087,openap_sorted_portfolios
iomom_supp_p01,0.36720867208672087,openap_sorted_portfolios
iomom_supp_p05,0.36720867208672087,openap_sorted_portfolios
AgeIPO_p02,0.3712737127371274,openap_sorted_portfolios
iomom_cust_p03,0.3712737127371274,openap_sorted_portfolios
iomom_cust_p04,0.37398373983739835,openap_sorted_portfolios
iomom_supp_p03,0.37669376693766937,openap_sorted_portfolios
iomom_supp_p04,0.3780487804878049,openap_sorted_portfolios
iomom_cust_p02,0.3888888888888889,openap_sorted_portfolios
iomom_supp_p02,0.39295392953929537,openap_sorted_portfolios
PatentsRD_p02,0.3943089430894309,openap_sorted_portfolios
PctTotAcc_p01,0.4065040650406504,openap_sorted_portfolios
PctTotAcc_p02,0.4065040650406504,openap_sorted_portfolios
PctTotAcc_p03,0.4065040650406504,openap_sorted_portfolios
PctTotAcc_p04,0.4065040650406504,openap_sorted_portfolios
PctTotAcc_p05,0.4065040650406504,openap_sorted_portfolios
PctTotAcc_p06,0.4065040650406504,openap_sorted_portfolios
PctTotAcc_p07,0.4065040650406504,openap_sorted_portfolios
PctTotAcc_p08,0.4065040650406504,openap_sorted_portfolios
PctTotAcc_p09,0.4065040650406504,openap_sorted_portfolios
PctTotAcc_p10,0.4065040650406504,openap_sorted_portfolios
ConsRecomm_p01,0.4932249322493225,openap_sorted_portfolios
ConsRecomm_p02,0.4932249322493225,openap_sorted_portfolios
DownRecomm_p02,0.4932249322493225,openap_sorted_portfolios
UpRecomm_p01,0.4932249322493225,openap_sorted_portfolios
ChangeInRecommendation_p01,0.494579945799458,openap_sorted_portfolios
ChangeInRecommendation_p02,0.494579945799458,openap_sorted_portfolios
ChangeInRecommendation_p04,0.494579945799458,openap_sorted_portfolios
ChangeInRecommendation_p05,0.494579945799458,openap_sorted_portfolios
DownRecomm_p01,0.494579945799458,openap_sorted_portfolios
Recomm_ShortInterest_p01,0.494579945799458,openap_sorted_portfolios
Recomm_ShortInterest_p02,0.494579945799458,openap_sorted_portfolios
UpRecomm_p02,0.494579945799458,openap_sorted_portfolios
PS_p07,0.5149051490514905,openap_sorted_portfolios
PS_p05,0.5257452574525745,openap_sorted_portfolios
ChInv_p06,0.5433604336043361,openap_sorted_portfolios
OptionVolume1_p01,0.551490514905149,openap_sorted_portfolios
OptionVolume1_p02,0.551490514905149,openap_sorted_portfolios
OptionVolume1_p03,0.551490514905149,openap_sorted_portfolios
OptionVolume1_p04,0.551490514905149,openap_sorted_portfolios
OptionVolume1_p05,0.551490514905149,openap_sorted_portfolios
OptionVolume2_p01,0.5528455284552846,openap_sorted_portfolios
OptionVolume2_p02,0.5528455284552846,openap_sorted_portfolios
OptionVolume2_p03,0.5528455284552846,openap_sorted_portfolios
OptionVolume2_p04,0.5528455284552846,openap_sorted_portfolios
OptionVolume2_p05,0.5528455284552846,openap_sorted_portfolios
CPVolSpread_p01,0.5609756097560976,openap_sorted_portfolios
CPVolSpread_p02,0.5609756097560976,openap_sorted_portfolios
CPVolSpread_p03,0.5609756097560976,openap_sorted_portfolios
CPVolSpread_p04,0.5609756097560976,openap_sorted_portfolios
CPVolSpread_p05,0.5609756097560976,openap_sorted_portfolios
RIVolSpread_p01,0.5609756097560976,openap_sorted_portfolios
RIVolSpread_p02,0.5609756097560976,openap_sorted_portfolios
RIVolSpread_p03,0.5609756097560976,openap_sorted_portfolios
RIVolSpread_p04,0.5609756097560976,openap_sorted_portfolios
RIVolSpread_p05,0.5609756097560976,openap_sorted_portfolios
SmileSlope_p01,0.5609756097560976,openap_sorted_portfolios
SmileSlope_p02,0.5609756097560976,openap_sorted_portfolios
SmileSlope_p03,0.5609756097560976,openap_sorted_portfolios
SmileSlope_p04,0.5609756097560976,openap_sorted_portfolios
SmileSlope_p05,0.5609756097560976,openap_sorted_portfolios
skew1_p01,0.5609756097560976,openap_sorted_portfolios
skew1_p02,0.5609756097560976,openap_sorted_portfolios
skew1_p03,0.5609756097560976,openap_sorted_portfolios
skew1_p04,0.5609756097560976,openap_sorted_portfolios
skew1_p05,0.5609756097560976,openap_sorted_portfolios
dCPVolSpread_p01,0.5623306233062331,openap_sorted_portfolios
dCPVolSpread_p02,0.5623306233062331,openap_sorted_portfolios
dCPVolSpread_p03,0.5623306233062331,openap_sorted_portfolios
dCPVolSpread_p04,0.5623306233062331,openap_sorted_portfolios
dCPVolSpread_p05,0.5623306233062331,openap_sorted_portfolios
dCPVolSpread_p06,0.5623306233062331,openap_sorted_portfolios
dCPVolSpread_p07,0.5623306233062331,openap_sorted_portfolios
dCPVolSpread_p08,0.5623306233062331,openap_sorted_portfolios
dCPVolSpread_p09,0.5623306233062331,openap_sorted_portfolios
dCPVolSpread_p10,0.5623306233062331,openap_sorted_portfolios
dVolCall_p01,0.5623306233062331,openap_sorted_portfolios
dVolCall_p02,0.5623306233062331,openap_sorted_portfolios
dVolCall_p03,0.5623306233062331,openap_sorted_portfolios
dVolCall_p04,0.5623306233062331,openap_sorted_portfolios
dVolCall_p05,0.5623306233062331,openap_sorted_portfolios
dVolCall_p06,0.5623306233062331,openap_sorted_portfolios
dVolCall_p07,0.5623306233062331,openap_sorted_portfolios
dVolCall_p08,0.5623306233062331,openap_sorted_portfolios
dVolCall_p09,0.5623306233062331,openap_sorted_portfolios
dVolCall_p10,0.5623306233062331,openap_sorted_portfolios
dVolPut_p01,0.5623306233062331,openap_sorted_portfolios
dVolPut_p02,0.5623306233062331,openap_sorted_portfolios
dVolPut_p03,0.5623306233062331,openap_sorted_portfolios
dVolPut_p04,0.5623306233062331,openap_sorted_portfolios
dVolPut_p05,0.5623306233062331,openap_sorted_portfolios
dVolPut_p06,0.5623306233062331,openap_sorted_portfolios
dVolPut_p07,0.5623306233062331,openap_sorted_portfolios
dVolPut_p08,0.5623306233062331,openap_sorted_portfolios
dVolPut_p09,0.5623306233062331,openap_sorted_portfolios
dVolPut_p10,0.5623306233062331,openap_sorted_portfolios
ExclExp_p03,0.5799457994579946,openap_sorted_portfolios
DelDRC_p01,0.6016260162601627,openap_sorted_portfolios
DelDRC_p02,0.6016260162601627,openap_sorted_portfolios
DelDRC_p03,0.6016260162601627,openap_sorted_portfolios
DelDRC_p04,0.6016260162601627,openap_sorted_portfolios
DelDRC_p05,0.6016260162601627,openap_sorted_portfolios
PS_p04,0.6300813008130082,openap_sorted_portfolios
ProbInformedTrading_p01,0.6747967479674797,openap_sorted_portfolios
ProbInformedTrading_p02,0.6747967479674797,openap_sorted_portfolios
ProbInformedTrading_p03,0.6747967479674797,openap_sorted_portfolios
ProbInformedTrading_p04,0.6747967479674797,openap_sorted_portfolios
ProbInformedTrading_p05,0.6747967479674797,openap_sorted_portfolios
PS_p08,0.6951219512195121,openap_sorted_portfolios
Activism1_p01,0.7330623306233063,openap_sorted_portfolios
Activism1_p03,0.7330623306233063,openap_sorted_portfolios
Activism1_p04,0.7330623306233063,openap_sorted_portfolios
Activism2_p01,0.7330623306233063,openap_sorted_portfolios
Activism2_p02,0.7330623306233063,openap_sorted_portfolios
Activism2_p03,0.7330623306233063,openap_sorted_portfolios
Activism2_p04,0.7330623306233063,openap_sorted_portfolios
Governance_p01,0.7330623306233063,openap_sorted_portfolios
Governance_p02,0.7330623306233063,openap_sorted_portfolios
Governance_p03,0.7330623306233063,openap_sorted_portfolios
Governance_p04,0.7330623306233063,openap_sorted_portfolios
Governance_p05,0.7330623306233063,openap_sorted_portfolios
Governance_p06,0.7330623306233063,openap_sorted_portfolios
Governance_p07,0.7330623306233063,openap_sorted_portfolios
Governance_p08,0.7330623306233063,openap_sorted_portfolios
Governance_p09,0.7330623306233063,openap_sorted_portfolios
Governance_p10,0.7330623306233063,openap_sorted_portfolios
PS_p06,0.7357723577235772,openap_sorted_portfolios
AnalystRevision_p03,0.7560975609756098,openap_sorted_portfolios
Activism1_p02,0.7682926829268293,openap_sorted_portfolios
ChangeInRecommendation_p03,0.7913279132791328,openap_sorted_portfolios
PS_p03,0.8130081300813008,openap_sorted_portfolios
NumEarnIncrease_p03,0.8807588075880759,openap_sorted_portfolios
PS_p02,0.9986449864498645,openap_sorted_portfolios
